De;Para
AKIRA MIZOGUCHI;AKIRA MIZOGUSHI
ALBERTO HOLANDA CVALCANTI;ALBERTO HOLANDA CAVALCANTI
ALZIRA VICENTE DE O CORREA;ALZIRA VICENTE DE OLIVEIRA CORREA
ALZIRA VICENTE DE O. CORREA;ALZIRA VICENTE DE OLIVEIRA CORREA
ALZIRA VICENTE OLIVEIRA CORREA;ALZIRA VICENTE DE OLIVEIRA CORREA
ANA PAOLA VILLAVA BRAGA;ANA PAOLA VILLALVA BRAGA
ANDRE;ANDRE LUIZ NUNIS DA SILVA
ANDRE LUIZ N. DA SILVA;ANDRE LUIZ NUNIS DA SILVA
ANDRE LUIZ N. DA SILVA,;ANDRE LUIZ NUNIS DA SILVA
ANDRE LUIZ NINIS DA SILVA;ANDRE LUIZ NUNIS DA SILVA
CAMILA PERES;CAMILA PERES MASSOLA
CAMILA PERES MOSSOLA;CAMILA PERES MASSOLA
CATIA FREDERCCI;CATIA FREDERICCI
CATIA FREDERICI;CATIA FREDERICCI
CELIA;CELIA APARECIDA LINO DOS SANTOS
CELIA A. L. DOS SANTOS;CELIA APARECIDA LINO DOS SANTOS
CELIA A. LINO DOS SANTOS;CELIA APARECIDA LINO DOS SANTOS
CELIA APARECIDA L. DOS SANTOS;CELIA APARECIDA LINO DOS SANTOS
CRHISTIAN RAFFAELO BALDO;CRHISTIAN RAFAELLO BALDO
DENER;DENER PEDRO DA SILVA PALMA
DR. MARIO BOCCALINI JUNIOR;MARIO BOCCALINI JUNIOR
DR.EDUARDO ALBERTIN;EDUARDO ALBERTIN
EDUARDO MAZIERO SACOCCIO;EDUARDO MAZIERO SACCOCCIO
ELEIR BORTOLETO;ELEIR MUNDIM BORTOLETO
FABIANA;FABIANA YAMASAKI MARTINS VIEIRA
FABIANO FERREIRA CHOTOLI;FABIANO FERREIRA CHOTOLLI
FRANCISCO SEVERINO;FRANCISCO SEVERINO DE AZEVEDO
FRANCISCO SEVERINO AZEVEDO;FRANCISCO SEVERINO DE AZEVEDO
GERHARD;GERHARD ETT
GILMAR ALVES DE ALMEIDA-;GILMAR ALVES DE ALMEIDA
GILMAR AVANCINI;GILMAR VIEIRA AVANCINI
GILMAR AVANCINI VIEIRA;GILMAR VIEIRA AVANCINI
HELIO OLIVEIRA SANTANA;HELIO SANTANA OLIVEIRA
HELIO SANTANA DE OLIVEIRA;HELIO SANTANA OLIVEIRA
ISRAEL;ISRAEL APARECIDO CRUZ
ISRAEL APARECIDO A. CRUZ;ISRAEL APARECIDO CRUZ
ISRAEL APARECIDO CRUZ A. CRUZ;ISRAEL APARECIDO CRUZ
ISRAEL A. CRUZ;ISRAEL APARECIDO CRUZ
ISRAEL AP. CRUZ;ISRAEL APARECIDO CRUZ
ISRAEL APARECIDO  CRUZ;ISRAEL APARECIDO CRUZ
ISRAEL APERECIDO CRUZ;ISRAEL APARECIDO CRUZ
ISRAEL APRECIDO CRUZ;ISRAEL APARECIDO CRUZ
IVAN DAZA PRADA;IVAN MAURICIO DAZA PRADA
IVAN MAURICIO D. PRADA;IVAN MAURICIO DAZA PRADA
IZABEL FERANDA MACHADO;IZABEL FERNANDA MACHADO
JEFERSON ROSA RIBEIRO;JEFFERSON ROSA RIBEIRO
JOAO BASTITA FERREIRA NETO;JOAO BATISTA FERREIRA NETO
JOAO BATISTA;JOAO BATISTA FERREIRA NETO
JOHN;JOHN BERNARDO VILCA NEIRA
JOAO RICARDO;JOAO RICARDO FILIPINI DA SILVEIRA
JOAO RICARDO F. DA SILVEIRA;JOAO RICARDO FILIPINI DA SILVEIRA
JOAO RICARDO FILIPINI DA SIL;JOAO RICARDO FILIPINI DA SILVEIRA
LEIDY JULIETH H. BUITRAGO;LEIDY JULIETH HERNANDEZ BUITRAGO
LEIDY JULITH HERNADEZ BUITRAGO;LEIDY JULIETH HERNANDEZ BUITRAGO
LUCIANA WASNIEVSKI;LUCIANA WASNIEVSKI DA SILVA DE LUCA RAMOS
MACIEL;MACIEL SANTOS LUZ
MARCELO FERREIRA MOREIRA;MARCELO MOREIRA FERREIRA
MARCIO FRANCISCO DA SILVA DIAS;MARCIO FRANCISCO DIAS DA SILVA
MARIO BOCCALINI;MARIO BOCCALINI JUNIOR
MARIO BOCCALINI JR;MARIO BOCCALINI JUNIOR
MARIO BOCCALINI JR.;MARIO BOCCALINI JUNIOR
MATHEUS DE LIMAVALADARES;MATHEUS DE LIMA VALADARES
NEUSVALDO;NEUSVALDO LIRA DE ALMEIDA
NEUSVALDO ALMEIDA;NEUSVALDO LIRA DE ALMEIDA
OMAR;OMAR OGUSUKU ALEXANDRINO
OMAR  O. ALEXANDRINO;OMAR OGUSUKU ALEXANDRINO
OMAR  OGUSUKO ALEXANDRINO;OMAR OGUSUKU ALEXANDRINO
OMAR ALEXANDRINO;OMAR OGUSUKU ALEXANDRINO
OMAR O. ALEXANDRINO;OMAR OGUSUKU ALEXANDRINO
OMAR OGOSUKU ALEXANDRINO;OMAR OGUSUKU ALEXANDRINO
OMAR OGUSUKO ALEXANDRINO;OMAR OGUSUKU ALEXANDRINO
OMAR OGUSUKU ALEXANDRINO;OMAR OGUSUKU ALEXANDRINO
OMAR  OGUSUKU ALEXANDRINO;OMAR OGUSUKU ALEXANDRINO
OMAR OGUSUKU  ALEXANDRINO;OMAR OGUSUKU ALEXANDRINO
OSWALDO SANCHES JUNIOR;OSWALDO SANCHEZ JUNIOR
RAFAEL;RAFAEL AUGUSTO THEODORO PEREIRA DE SOUZA NAHAT
RAFAEL A. T. P. DE S. NAHAT;RAFAEL AUGUSTO THEODORO PEREIRA DE SOUZA NAHAT
RAFAEL AUGUSTO CAMARGO;RAFAEL AUGUSTO THEODORO PEREIRA DE SOUZA NAHAT
RAFAEL AUGUSTO T. P. DE S. NAHAT;RAFAEL AUGUSTO THEODORO PEREIRA DE SOUZA NAHAT
RAFAEL DOS SANTOS SABINO;RAFAEL SABINO DOS SANTOS
RODRIGO PAPAI;RODRIGO PAPAI SOUZA
ROGERIO DE MELO;ROGERIO DE MELO RIBEIRO DE ARAUJO
ROGERIO DE MELO RIBEIRO;ROGERIO DE MELO RIBEIRO DE ARAUJO
TIAGO RAMS RIBEIRO;TIAGO RAMOS RIBEIRO
WILLIANS  APARECIDO SOUZA SIMIONATO;WILLIANS APARECIDO SOUZA SIMIONATO
YURI BASILE TUKOFF;YURI BASILE TUKOFF GUIMARAES
